{"cameraMode":{"drawMode":0,"name":"Shaded","section":"Shading Mode"},"sceneLighting":false,"audioPlay":false,"sceneViewState":{"m_AlwaysRefresh":false,"showFog":true,"showSkybox":false,"showFlares":true,"showImageEffects":true,"showParticleSystems":true,"showVisualEffectGraphs":true,"m_FxEnabled":true},"in2DMode":false,"pivot":{"x":-67.7699966430664,"y":1.4000000953674317,"z":18.860000610351564},"rotation":{"x":0.2284611314535141,"y":-0.06367691606283188,"z":0.014984031207859517,"w":0.9713612794876099},"size":2.7218501567840578,"orthographic":false}