{"cameraMode":{"drawMode":0,"name":"Shaded","section":"Shading Mode"},"sceneLighting":true,"audioPlay":false,"sceneViewState":{"m_AlwaysRefresh":false,"showFog":true,"showSkybox":true,"showFlares":true,"showImageEffects":true,"showParticleSystems":true,"showVisualEffectGraphs":true,"m_FxEnabled":true},"in2DMode":false,"pivot":{"x":1.3057376146316529,"y":0.9137564897537231,"z":-8.607684135437012},"rotation":{"x":0.0886889100074768,"y":0.34023553133010867,"z":-0.032215725630521777,"w":0.9356150031089783},"size":1.429134488105774,"orthographic":false}