{"cameraMode":{"drawMode":0,"name":"Shaded","section":"Shading Mode"},"sceneLighting":true,"audioPlay":false,"sceneViewState":{"m_AlwaysRefresh":false,"showFog":true,"showSkybox":true,"showFlares":true,"showImageEffects":true,"showParticleSystems":true,"showVisualEffectGraphs":true,"m_FxEnabled":true},"in2DMode":false,"pivot":{"x":257.509521484375,"y":156.05819702148438,"z":92.50076293945313},"rotation":{"x":0.04438823461532593,"y":0.44187381863594057,"z":-0.021858174353837968,"w":0.8957338929176331},"size":298.9754333496094,"orthographic":false}