{"cameraMode":{"drawMode":0,"name":"Shaded","section":"Shading Mode"},"sceneLighting":false,"audioPlay":false,"sceneViewState":{"m_AlwaysRefresh":false,"showFog":true,"showSkybox":false,"showFlares":true,"showImageEffects":true,"showParticleSystems":true,"showVisualEffectGraphs":true,"m_FxEnabled":true},"in2DMode":false,"pivot":{"x":0.13901223242282868,"y":0.7400023937225342,"z":-1.7009556293487549},"rotation":{"x":0.3388586938381195,"y":-0.6154115200042725,"z":0.33102551102638247,"w":0.6299759149551392},"size":0.8660253882408142,"orthographic":false}